Intersections,Roads,Category,Algorithm,Execution time (ms),Peak memory (KB),Route length (roads),Route cost,Distance updates,Passes,Reachable intersections,MST roads,MST cost
10,20,Shortest path,Dijkstra,0.012,1.5,2.0,27.0,12.0,,,,
10,20,Shortest path,Bellman-Ford,0.0272,3.4,2.0,27.0,13.0,2.0,,,
10,20,Traversal,BFS,0.0068,2.2,,,,,10.0,,
10,20,Traversal,DFS,0.0083,2.7,,,,,10.0,,
10,20,Minimum spanning tree,Prim,0.0147,1.4,,,,,,9.0,43.0
10,20,Minimum spanning tree,Kruskal,0.0236,3.8,,,,,,9.0,43.0
25,50,Shortest path,Dijkstra,0.0321,4.5,5.0,18.0,30.0,,,,
25,50,Shortest path,Bellman-Ford,0.0943,4.5,5.0,18.0,37.0,4.0,,,
25,50,Traversal,BFS,0.0173,5.1,,,,,25.0,,
25,50,Traversal,DFS,0.0186,5.9,,,,,25.0,,
25,50,Minimum spanning tree,Prim,0.0403,3.4,,,,,,24.0,143.0
25,50,Minimum spanning tree,Kruskal,0.0625,4.6,,,,,,24.0,143.0
50,100,Shortest path,Dijkstra,0.072,6.2,7.0,19.0,69.0,,,,
50,100,Shortest path,Bellman-Ford,0.1918,13.9,7.0,19.0,80.0,4.0,,,
50,100,Traversal,BFS,0.0335,7.0,,,,,50.0,,
50,100,Traversal,DFS,0.0368,9.7,,,,,50.0,,
50,100,Minimum spanning tree,Prim,0.0812,3.7,,,,,,49.0,262.0
50,100,Minimum spanning tree,Kruskal,0.1258,13.4,,,,,,49.0,262.0
100,200,Shortest path,Dijkstra,0.1595,18.0,3.0,31.0,130.0,,,,
100,200,Shortest path,Bellman-Ford,0.446,17.3,3.0,31.0,172.0,5.0,,,
100,200,Traversal,BFS,0.0702,17.8,,,,,100.0,,
100,200,Traversal,DFS,0.0744,21.7,,,,,100.0,,
100,200,Minimum spanning tree,Prim,0.1648,12.7,,,,,,99.0,663.0
100,200,Minimum spanning tree,Kruskal,0.2651,15.5,,,,,,99.0,663.0
